category,NAME,QUANTITY,PRICE
2,Alexitol Sodium,2,147
2,Almasilate,14,304
1,Aluminium Hydroxide,1,177
3,Aluminium Hydroxide With Magnesium,38,334
2,Hydrotalcite,43,282
4,Magnesium Carbonate,50,283
1,Co-Magaldrox(Magnesium/Aluminium Hydrox),33,229
3,Magnesium Oxide,32,315
5,Magnesium Trisilicate,2,175
4,Aluminium & Magnesium & Act Simeticone,3,254
4,Magaldrate,37,66
3,Aluminium & Magnesium & Oxetacaine,12,84
1,Co-Simalcite (Simeticone/Hydrotalcite),38,58
4,Magnesium Hydroxide,21,283
2,Simeticone,6,334
5,Calcium Carbonate & Simeticone,44,353
3,Magnesium Sulphate,42,151
1,Sodium Citrate,42,142
2,Other Antacid & Simeticone Preps,15,304
2,Gripe Mixtures,26,169
3,Sodium Bicarbonate,16,128
5,Other Sodium Bicarbonate Preps,25,135
1,Alginic Acid Compound Preparations,4,243
1,Calcium Carbonate,27,362
1,Bismuth Subcarbonate,1,80
3,Compound Alginates&Prop Indigestion Prep,20,254
1,Clebopride,2,110
5,Hyoscyamine Sulfate,46,35
4,Atropine Sulfate,38,330
2,Pinaverium Bromide,36,64
4,Phloroglucinol,11,291
2,Tegaserod Maleate,46,342
4,Lubiprostone,29,233
2,Alverine Citrate,50,356
1,Ambutonium Bromide,4,73
2,Alverine Citrate Compound Preparations,47,110
3,Compound Antispasmodic Preparations,41,20
1,Gentian,39,295
3,Atropine Methonitrate,14,10
2,Cisapride,19,200
2,Belladonna Alkaloids,2,193
5,Clove Oil,19,371
4,Dicycloverine Hydrochloride,9,224
4,Dicycloverine HCl Compound Preparations,21,309
3,Glycopyrronium Bromide,7,366
1,Oxyphenonium Bromide,18,297
5,Hyoscine Butylbromide,15,208
2,Mebeverine Hydrochloride,15,64
2,Oxybutynin,7,268
4,Mepenzolate Bromide,13,166
5,Penthienate Methobromide,33,373
4,Peppermint Oil,39,110
1,Pipenzolate Bromide,14,170
4,Piperidolate Hydrochloride,3,185
4,Poldine Metilsulfate,50,322
2,Mebeverine HCl Compound Preparations,37,53
4,Propantheline Bromide,24,341
1,Pipenzolate Bromide Compound Prep's,20,109
5,Other Antispasm & Alt Gut Motility Preps,17,288
3,Papaverine Hydrochloride,28,166
5,Trospium Chloride,40,244
4,Other Test For Helicobacter Pylori Preps,29,293
4,Cimetidine,41,120
3,Cimetidine With Alginate,19,205
5,Famotidine,22,270
1,Nizatidine,33,32
5,Ranitidine Bismuth Citrate,44,362
2,Ranitidine Hydrochloride,0,72
2,Pirenzepine,29,87
1,Bismuth Chelate,13,34
5,Sucralfate,19,235
5,Tripotassium Dicitratobismuthate,11,66
5,Misoprostol,38,219
3,Helicobacter Pylori Eradication Therapy,18,302
1,Esomeprazole,19,320
4,Lansoprazole,25,350
5,Omeprazole,31,346
1,Pantoprazole,44,59
1,Rabeprazole Sodium,5,269
5,Carbenoxolone Sodium,11,276
5,Carbenoxolone Sodium Compound Prep's,47,213
2,Liquorice Deglycyrrhizinised,5,357
3,Proglumide,15,122
1,Ceratonia,41,177
5,Activated Attapulgite,18,127
2,Chalk,22,322
3,Kaolin Light,3,89
5,Other Adsorbent & Bulk-Forming Preps,15,92
5,Codeine Phosphate Compound Mixtures,29,177
3,Co-Phenotrope (Diphenox HCl/Atrop Sulph),40,207
2,Loperamide Hydrochloride,38,150
2,Opium & Morphine,2,132
4,Loperamide Hydrochloride & Simeticone,12,245
2,Other Antimotility Preps,21,254
5,Racecadotril,34,227
2,Other Chronic Bowel Disorder Preps,19,296
3,Aminosalicylic Acid,4,70
3,Mesalazine (Systemic),17,25
1,Olsalazine Sodium,11,297
4,Balsalazide Sodium,47,248
1,Sulfasalazine,37,206
4,Budesonide,41,216
4,Hydrocortisone Acetate,8,342
3,Hydrocortisone,1,241
2,Prednisolone Sodium Metasulphobenzoate,14,300
1,Prednisolone Sodium Phosphate,0,141
3,Prednisolone,10,241
2,Beclometasone Dipropionate (Systemic),5,30
4,Vedolizumab,45,124
5,Sodium Cromoglicate,47,355
4,Bran,28,340
3,Carmellose Sodium,14,332
3,Ispaghula Husk,38,63
1,Methylcellulose,38,111
5,Sterculia,32,141
3,Other Bulk-Forming Laxative Preps,11,132
1,Aloes,9,221
5,Co-Danthramer (Dantron/Poloxamer 188),4,189
2,Bisacodyl,43,340
5,Cascara,30,251
2,Castor Oil,16,14
1,Colocynth & Jalap,23,102
1,Docusate Sodium,22,281
1,Co-Danthrusate (Dantron/Docusate Sod),19,341
1,Fig,26,31
2,Glycerol,19,36
5,Senna,5,360
3,Phenolphthalein,28,305
3,Sodium Picosulfate,42,180
1,Oxyphenisatine,35,280
1,Rhubarb,5,255
4,Sulfur Precipitated,38,145
4,Phenolphthalein & Rhubarb,23,181
2,Other Stimulant Laxative Preps,50,109
1,Arachis Oil,35,289
4,Liquid Paraffin,14,80
1,Olive Oil,47,396
2,Soft Soap,26,140
1,Other Faecal Softener Preps,22,151
4,Lactitol,39,253
4,Lactulose,30,193
5,Magnesium Hydroxide,20,334
1,Magnesium Sulfate,49,339
1,Macrogol 3350,4,312
4,Phosphates (Rectal),32,372
5,Sodium Citrate (Rectal),30,399
3,Sodium Potassium Tartrate,50,344
3,Macrogol 4000,35,243
4,Other Osmotic Laxative Preps,41,98
3,Bowel Cleansing Solutions,32,245
2,Magnesium Citrate,5,35
3,Mannitol,49,159
4,Sodium Picosulfate,24,336
4,Potassium Chloride,22,102
4,Methylnaltrexone Bromide,19,152
4,Naloxegol,9,205
1,Prucalopride,40,67
2,Linaclotide,35,273
2,Lubiprostone,36,10
5,Diltiazem Hydrochloride,15,48
2,Isosorbide Mononitrate,9,195
3,Phenylephrine Hydrochloride,18,372
5,Acetarsol,43,37
5,Adrenaline,28,13
4,Bismuth Salts,29,319
5,Bismuth Subgallate,4,159
1,Cinchocaine Hydrochloride,31,178
4,Boric Acid,17,267
5,Hamamelis,38,356
4,Heparinoid,1,194
2,Isosorbide Dinitrate,41,348
4,Lidocaine Hydrochloride,48,118
3,Sucralfate,48,360
3,Benzocaine,18,334
2,Zinc Oxide,34,192
4,Other Soothing Haemorrhoidal Preps,10,119
1,Betamethasone,31,329
4,Fluocortolone,47,325
5,Hydrocortisone,49,17
3,Prednisolone,26,237
2,Phenol,19,198
4,Glyceryl Trinitrate,9,171
4,Nifedipine,14,157
2,Adhesives,43,22
1,Adhesive Remover,46,107
4,Deodorants,41,48
1,Skin Protectives Fillers & Cleansers,30,21
1,Chenodeoxycholic Acid,32,15
1,Cholic Acid,35,269
4,Dehydrocholic Acid,12,57
3,Other Preparations For Biliary Disorders,23,393
2,Ursodeoxycholic Acid,41,166
4,Betaine Hydrochloride,33,55
2,Glutamic Acid Hydrochloride,21,44
2,Other Bile Acid Sequestrant Preps,3,385
5,Pancreatin,25,105
1,Other Pancreatin Preps,18,59
5,Digoxin Antibody,17,50
4,Digitoxin,30,182
1,Digoxin,49,391
2,Lanatoside C,17,141
4,Medigoxin,1,305
3,Ouabain,27,317
2,Prepared Digitalis,46,21
5,Proscillaridin,6,125
2,Enoximone,48,245
3,Milrinone Lactate,19,344
1,Bendroflumethiazide,12,237
3,Chlorothiazide,18,38
4,Chlortalidone,38,317
3,Cyclopenthiazide,27,282
1,Hydrochlorothiazide,27,389
4,Hydroflumethiazide,28,262
1,Indapamide,40,90
2,Mefruside,32,215
2,Methyclothiazide,42,294
2,Metolazone,21,74
3,Polythiazide,30,393
4,Xipamide,49,118
4,Bumetanide,8,337
1,Etacrynic Acid,44,195
3,Furosemide,26,216
2,Piretanide,47,349
2,Torasemide,25,137
4,Other Loop Diuretic Preps,28,343
4,Amiloride Hydrochloride,3,246
2,Potassium Canrenoate,0,111
2,Spironolactone,39,346
5,Triamterene,5,12
3,Eplerenone,7,283
3,Amiloride Hydrochloride With Thiazides,45,104
2,Co-Amilofruse (Amiloride HCl/Frusemide),7,12
3,Co-Amilozide (Amiloride HCl/Hydchloroth),48,230
3,Amiloride HCl With Loop Diuretics,1,141
5,Co-Flumactone (Hydroflumeth/Spironol),26,72
5,Co-Triamterzide(Triamterene/Hydchloroth),4,293
3,Spironolactone With Thiazides,47,343
4,Spironolactone With Loop Diuretics,37,338
5,Triamterene With Loop Diuretics,26,314
1,Triamterene With Thiazides,5,56
4,Isosorbide,37,185
4,Mannitol,50,104
1,Bendroflumethiazide/Potassium,33,377
5,Bumetanide/Potassium,4,294
2,Bumetanide/Amiloride Hydrochloride,9,130
4,Chlortalidone/Potassium,1,188
5,Clopamide/Potassium,16,372
2,Cyclopenthiazide/Potassium,36,140
5,Cyclopenthiazide/Amiloride Hydrochloride,1,202
2,Furosemide/Potassium,33,264
3,Hydrochlorothiazide/Potassium,27,191
5,Adenosine,8,131
4,Amiodarone Hydrochloride,14,182
3,Bretylium Tosilate,49,203
3,Disopyramide,32,237
3,Disopyramide Phosphate,31,197
3,Flecainide Acetate,17,251
5,Lidocaine Hydrochloride,46,55
1,Lidocaine Hydrochloride Anhydrous,34,191
5,Mexiletine Hydrochloride,44,383
2,Prajmalium Bitartrate,47,186
5,Propafenone Hydrochloride,6,148
3,Procainamide Hydrochloride,9,353
1,Quinidine Bisulfate,31,60
2,Quinidine Sulfate,20,390
5,Moracizine Hydrochloride,35,221
2,Tocainide Hydrochloride,45,397
1,Dronedarone Hydrochloride,28,54
2,Penbutolol Sulfate,45,244
1,Nebivolol,26,35
5,Bisoprolol Fumarate/Aspirin,1,14
4,Atenolol with Thiazides,0,129
3,Acebutolol Hydrochloride With Diuretic,50,323
1,Acebutolol Hydrochloride,32,320
1,Practolol,27,362
1,Atenolol,12,138
1,Atenolol With Diuretic,17,329
1,Betaxolol Hydrochloride,11,43
5,Bisoprolol Fumarate,39,89
4,Labetalol Hydrochloride,16,256
3,Metoprolol Fumarate,45,78
4,Metoprolol Tartrate,38,322
1,Carteolol Hydrochloride,49,156
2,Nadolol,13,69
4,Oxprenolol Hydrochloride,5,297
5,Pindolol,26,368
3,Propranolol Hydrochloride With Diuretic,25,135
5,Propranolol Hydrochloride,0,253
3,Sotalol Hydrochloride,42,34
5,Atenolol With Calcium Channel Blocker,44,380
2,Timolol,44,176
4,Metoprolol Tartrate With Diuretic,16,112
5,Nadolol With Diuretic,14,127
5,Co-Prenozide (Oxprenolol HCl/Cyclopenth),43,83
4,Penbutolol Sulphate With Diuretic,8,12
3,Pindolol With Diuretic,24,165
5,Sotalol Hydrochloride With Diuretic,34,375
4,Timolol With Diuretic,41,102
5,Co-Tenidone (Atenolol/Chlortalidone),38,249
4,Tertatolol,27,29
4,Celiprolol Hydrochloride,27,272
4,Esmolol Hydrochloride,45,217
5,Carvedilol,15,16
2,Bisoprolol Fumarate With Diuretic,1,214
5,Macitentan,38,282
1,Riociguat,10,168
2,Diazoxide,1,250
4,Hydralazine Hydrochloride,14,392
2,Minoxidil,48,119
5,Sodium Nitroprusside,26,28
1,Bosentan,14,213
2,Iloprost,49,256
1,Sitaxentan Sodium,27,309
1,Ambrisentan,46,381
5,Sildenafil(Vasodilator Antihypertensive),46,180
1,Tadalafil (Vasodilator Antihypertensive),36,34
2,Clonidine Hydrochloride,27,374
5,Guanfacine Hydrochloride,34,183
4,Methyldopa,19,122
5,Methyldopa With Diuretic,21,123
2,Methyldopate Hydrochloride,12,78
1,Moxonidine,22,163
2,Reserpine And Rauwolfia Alkaloids,38,186
2,Reserp & Rauw Alk With Alkavervir,47,335
4,Reserp & Rauw Alk With Barbiturate,42,374
4,Reserp & Rauw Alk With Diuretic,48,154
5,Other Antihypertensive Preps,39,290
1,Betanidine Sulfate,29,106
2,Debrisoquine Sulfate,20,157
4,Guanethidine Monosulfate,43,282
3,Doxazosin Mesilate,10,188
5,Indoramin,44,89
4,Ifenprodil Tartrate,34,134
1,Phenoxybenzamine Hydrochloride,0,359
1,Phentolamine Mesilate,35,52
4,Prazosin Hydrochloride,8,225
1,Terazosin Hydrochloride,36,362
4,Metirosine,25,183
5,Perindopril Tosilate,49,290
3,Perindopril Tosilate/Indapamide,33,341
3,Perindopril + Calcium Channel Blocker,26,323
5,Moexipril Hydrochloride,41,90
4,Cilazapril,37,185
5,Captopril,24,53
2,Co-Zidocapt (Hydchloroth/Captopril),27,223
2,Enalapril Maleate with Diuretic,41,119
2,Enalapril Maleate,19,266
5,Fosinopril Sodium,2,270
4,Lisinopril with Diuretic,3,260
5,Lisinopril,11,86
3,Perindopril Erbumine,41,354
5,Perindopril Erbumine with Diuretic,21,57
3,Quinapril Hydrochloride with Diuretic,49,172
4,Quinapril Hydrochloride,24,99
2,Ramipril,43,203
2,Ramipril with Calcium Channel Blocker,5,353
2,Trandolapril,6,282
3,Trandolapril + Calcium Channel Blocker,8,115
1,Imidapril Hydrochloride,0,108
5,Benazepril Hydrochloride,15,351
5,Perindopril Arginine,37,36
3,Perindopril Arginine with Diuretic,38,90
2,Olmesartan Medoxomil/Amlodipine,48,285
1,Olmesartan Medox/Amlodipine/Hydchloroth,9,329
2,Azilsartan Medoxomil,46,151
4,Sacubitril/Valsartan,48,169
5,Irbesartan with Diuretic,7,182
5,Olmesartan Medoxomil,32,260
4,Candesartan Cilexetil,22,79
2,Irbesartan,38,335
1,Losartan Potassium,25,193
1,Losartan Potassium With Diuretic,34,37
4,Telmisartan,46,279
3,Telmisartan with Diuretic,32,296
5,Valsartan,37,95
3,Eprosartan,35,155
3,Valsartan with Diuretic,9,100
3,Olmesartan Medoxomil/Hydrochlorothiazide,13,151
4,Aliskiren,28,116
3,Trimetaphan Camsilate,18,15
2,Ketanserin,49,311
3,Amyl Nitrite,15,27
4,Glyceryl Trinitrate,49,215
4,Isosorbide Dinitrate,13,232
2,Isosorbide Mononitrate,6,113
3,Pentaerithritol Tetranitrate,40,382
1,Isosorbide Mononitrate with Aspirin,35,55
5,Amlodipine,37,314
5,Trimetazidine Hydrochloride,39,269
3,Diltiazem Hydrochloride,15,392
4,Diltiazem Hydrochloride with Thiazides,46,119
3,Felodipine,47,47
5,Isradipine,9,143
5,Lacidipine,1,138
3,Lercanidipine Hydrochloride,7,360
5,Nimodipine,12,268
4,Lidoflazine,41,123
1,Nitrendipine,32,231
2,Nicardipine Hydrochloride,22,122
3,Nifedipine,49,204
4,PrenylamineLactate,43,77
1,Verapamil Hydrochloride,6,39
5,Perhexiline Maleate,24,387
2,Nisoldipine,24,226
5,Mibefradil,0,319
1,Buflomedil Hydrochloride,19,88
3,Valsartan/Amlodipine,50,191
4,Nicorandil,1,372
4,Ivabradine,45,186
2,Ranolazine,2,133
2,Cinnarizine,1,221
3,Calcium Dobesilate,39,279
3,Hydroxyethylrutosides,35,317
2,Kallidinogenase,38,365
1,Naftidrofuryl Oxalate,1,70
5,Nicotinic Acid Derivatives,27,355
2,Pentoxifylline,50,170
3,Rutosides,5,56
2,Moxisylyte Hydorchloride,48,300
3,Tolazoline Hydrochloride,4,304
2,Xanthinol Nicotinate,5,80
3,Acetyl-L-Carnitine,3,137
5,Co-Dergocrine Mesilate,34,94
4,Cyclandelate,43,75
4,Isoxsuprine Hydrochloride,41,262
4,Pyritinol Hydrochloride,8,214
4,Nicergoline,23,365
1,Vinpocetine,18,32
3,Diosmin/Hesperidin,46,302
1,Aesculus,21,323
1,Cilostazol,15,249
3,Bamethan Sulf,7,142
5,Diosmin,19,201
1,Other Peripheral VasodilatorRelatedPreps,19,320
2,Flosequinan,29,176
3,Molsidomine,15,398
4,Dobutamine Hydrochloride,4,308
5,Dopamine Hydrochloride,21,220
3,Etilefrine Hydrochloride,32,194
3,Isoprenaline Hydrochloride,26,326
4,Xamoterol Fumarate,12,326
4,Dopexamine Hydrochloride,16,15
3,Metaraminol,31,377
4,Methoxamine Hydrochloride,45,140
1,Noradrenaline Acid Tartrate,28,110
3,Oxedrine Tartrate,33,17
2,Phenylephrine Hydrochloride,43,351
5,Midodrine Hydrochloride,14,362
4,Ephedrine Hydrochloride,32,28
4,Adrenaline,34,50
5,Reviparin Sodium,12,121
1,Fondaparinux Sodium,23,243
2,Bemiparin Sodium,45,199
3,Lepirudin,47,372
5,Idarucizumab,13,120
1,Certoparin Sod  Sodium,35,228
5,Danaparoid Sodium,0,156
5,Enoxaparin,22,337
2,EpoprostenolSodium,35,393
2,Pentosan Polysulfate Sodium,28,254
5,Heparin Sodium,4,343
3,Dalteparin Sodium,27,145
4,Heparin Calcium,29,91
1,Heparin Flushes,0,40
3,Tinzaparin Sodium,30,295
3,Edoxaban,45,375
2,Fluindione,21,102
5,Acenocoumarol,34,50
4,Pentosan Polysulfate Sodium,37,153
2,Phenindione,11,101
1,Phenprocoumon,3,57
3,Warfarin Sodium,15,264
2,INR Blood Testing Reagents,50,155
5,Dabigatran Etexilate,11,213
5,Rivaroxaban,1,167
4,Apixaban,35,122
2,Other Oral Anticoagulant Preps,10,179
3,Protamine Sulfate,46,286
4,Aspirin,15,158
4,Clopidogrel,0,185
3,Dipyridamole,1,81
2,Ticlopidine Hydrochloride,43,185
3,Dipyridamole & Aspirin,48,399
5,Abciximab,26,379
5,Eptifibatide,7,168
5,Prasugrel,29,69
4,Ticagrelor,23,162
1,Anistreplase,35,153
5,Reteplase,38,306
1,Streptokinase,16,137
2,Urokinase,6,191
2,Tenecteplase,11,244
3,Alteplase,28,173
4,Antithrombin Alfa,26,157
5,Absorbable Gelatin Sponge,8,64
4,Aminocaproic Acid,16,84
1,Dried Thrombin,35,133
1,Etamsylate,50,228
5,Collagen,36,295
4,Oxidised Cellulose,45,254
3,Pectin,35,306
1,Aprotinin,36,25
5,Dried Factor VIII Fraction,45,103
4,Dried Factor IX Fraction,35,148
1,Heat Treated Human Factor IX,13,272
3,Thromboplastin,13,337
1,Naftazone,49,15
4,Tranexamic Acid,7,99
5,Factor XI Concentrate,29,364
5,Haemostatic Sprays,23,107
1,Dried Factor XIII Fraction,23,255
2,Drotrecogin Alfa,36,68
4,Human Fibrinogen with Human Thrombin,17,229
3,Protein C Concentrate,25,210
1,Factor VIII Inhibitor Bypassing Fraction,31,287
3,Factor VIIa (Recombinant),31,361
3,Other Antifibrinolytic & Haemostat Preps,11,326
5,Rosuvastatin Calcium,38,215
5,Omega-3-Acid Ethyl Esters,16,213
3,Simvastatin & Ezetimibe,46,313
2,Colesevelam Hydrochloride,9,364
5,Nicotinic Acid/Laropiprant,24,79
1,Lomitapide,28,215
3,Policosanol,44,351
5,Evolocumab,11,395
4,Alirocumab,11,169
3,Fenofibrate/Simvastatin,9,204
5,Acipimox,45,174
3,Atorvastatin,23,388
1,Cerivastatin,49,369
5,Bezafibrate,48,279
3,Colestyramine,13,201
4,Chondroitin  Sulphate A,42,357
3,Clofibrate,33,286
2,Ispaghula Husk,11,19
3,Colestipol Hydrochloride,8,395
3,Ezetimibe,40,273
5,Fluvastatin Sodium,45,95
2,Dextrothyroxine Sodium,45,34
2,Fenofibrate,12,265
3,Gemfibrozil,49,347
3,Lovastatin,46,252
3,Nicofuranose,40,380
1,Nicotinic Acid,37,370
5,Omega-3 Marine Triglycerides,20,319
4,Probucol,11,137
1,Pravastatin Sodium,2,182
3,Simvastatin,36,395
4,Sitosterol,31,133
5,Other Lipid-Regulating Preps,15,146
4,Ciprofibrate,27,42
5,Laureth 9,21,13
2,Ethanolamine Oleate,35,139
4,Sodium Tetradecyl Sulphate,17,178
1,Other Local Sclerosants Preps,23,135
4,Indacaterol/Glycopyrronium,1,259
1,Bambuterol Hydrochloride,14,300
1,Clenbuterol Hydrochloride,10,60
1,Formoterol Fumarate,27,389
5,Fenoterol Hydrobromide,37,24
5,Pirbuterol Hydrochloride,1,379
5,Pirbuterol Acetate,15,241
5,Reproterol Hydrochloride,5,240
1,Rimiterol Hydrobromide,2,138
5,Salbutamol,41,337
2,Salmeterol,12,373
5,Terbutaline Sulphate,26,39
5,Tulobuterol Hydrochloride,32,60
5,Indacaterol Maleate,49,44
2,Fluticasone Furoate/Vilanterol,43,70
5,Olodaterol,22,369
3,Adrenaline,41,135
3,Ephedrine Hydrochloride,48,232
1,Isoetarine Hydrochloride,28,369
1,Isoprenaline Sulfate,29,362
4,Methoxyphenamine Hydrochloride,12,294
5,Orciprenaline Sulfate,42,326
4,Other Andrenoceptor Agonist Preps,37,370
1,Atropine Methonitrate,2,36
4,Atropine Sulfate,38,55
2,Ipratropium Bromide,3,79
5,Oxitropium Bromide,25,99
3,Tiotropium,23,106
5,Aclidinium Bromide,27,77
5,Glycopyrronium Bromide,17,270
2,Acefylline Piperazine,48,48
2,Aminophylline,25,23
4,Aminophylline Hydrate,45,221
4,Aminophylline With Antacid,6,92
1,Choline Theophyllinate,19,103
2,Diprophylline,20,82
1,Proxyphylline,7,351
1,Theophylline,22,320
2,Other Theophylline Preps,39,197
3,Adrenaline,20,270
1,Ephedrine Sulfate,8,40
1,Ephedrine Hydrochloride,50,222
3,Etafedrine Hydrochloride,12,39
5,Fenoterol Hydrobromide,20,279
4,Isoetharine Mesylate,23,47
5,Isoprenaline Hydrochloride,21,338
3,Salbutamol,36,272
2,Terbutaline Sulphate,42,299
1,Umeclidinium Brom,5,206
5,Aclidinium Brom/Formoterol,45,51
3,Umeclidinium Brom/Vilanterol,37,211
4,Tiotropium Brom/Olodaterol,15,90
1,Other Compound Bronchodilator Preps,50,79
5,Beclometasone Dipropionate,8,68
3,Betamethasone Valerate,17,125
3,Budesonide,0,296
1,Fluticasone Propionate (Inh),16,143
2,Mometasone Furoate,26,83
1,Triamcinolone Acetonide,26,45
5,Ciclesonide,17,336
4,Nedocromil Sodium,24,26
5,Sodium Cromoglicate,15,74
3,Montelukast,1,113
4,Zileuton,47,54
5,Zafirlukast,6,361
1,Roflumilast,39,178
2,Mizolastine,23,180
1,Desloratadine,2,298
5,Levocetirizine,25,53
5,Phenylprop HCl/Chlorphenamine Maleate,38,15
3,Rupatadine Fumarate,47,344
2,Bilastine,14,122
2,Ketotifen Fumarate,18,258
1,Acrivastine,37,44
1,Astemizole,1,76
2,Azatadine Maleate,12,323
4,Loratadine,10,201
3,Fexofenadine Hydrochloride,9,221
3,Brompheniramine Maleate,2,193
5,Chlorphenamine Maleate,31,373
4,Clemastine Fumarate,3,146
5,Cetirizine Hydrochloride,6,52
3,Hydroxyzine Hydrochloride,16,224
5,Cyproheptadine Hydrochloride,22,92
3,Dimetindene Maleate,26,32
4,Dimetotiazine,15,84
5,Diphenhydramine Hydrochloride,50,248
2,Diphenylpyraline Hydrochloride,44,135
4,Mebhydrolin,36,344
4,Mepyramine Maleate,36,189
1,Mequitazine,8,173
1,Oxatomide,46,156
4,Phenindamine Tartrate,7,189
1,Pheniramine Maleate,23,42
3,Promethazine Hydrochloride,15,114
5,Terfenadine,19,96
5,Alimemazine Tartrate,24,32
2,Triprolidine Hydrochloride,8,224
2,Other Antihistamine Preps,44,387
5,Tritoqualine,6,214
2,Hydroxyzine Embonate,41,169
2,Animal 5 Preparations,30,374
1,D.Pteronyssinus 5 Preparations,6,339
4,Pollen 5 Preparations,4,85
5,Specific 5 Preparations,42,79
4,Wasp & Bee Venom 5 Preparations,6,127
3,Omalizumab,12,77
2,Mepolizumab,29,288
4,Other Allergen Immunotherapy Preps,41,322
2,Diagnostic Skin Tests,50,141
4,Other Diagnostic Skin Testing Preps,49,387
4,Adrenaline,22,92
3,C1-Esterase Inhibitor,6,188
2,Ephedrine Hydrochloride,16,87
3,Icatibant Acetate,32,200
2,Etamivan,27,247
1,Nikethamide,0,377
2,Almitrine Dimesylate,27,149
5,Doxapram Hydrochloride,42,397
5,Other Respiratory Stimulant Preps,26,362
3,Oxygen,39,155
4,Acetylcysteine,5,220
2,Bromhexine Hydrochloride,35,175
2,Carbocisteine,1,389
4,Dornase Alfa,40,218
4,Mecysteine Hydrochloride,1,209
5,Mesna,20,45
5,Tyloxapol,28,208
1,Erdosteine,43,354
5,Mannitol,33,385
1,Ivacaftor,49,233
5,Lumacaftor/Ivacaftor,42,287
3,Benzoin,3,274
1,Menthol,8,113
1,Pine,26,71
5,Other Aromatic Inhalation Preps,1,367
1,Codeine Phosphate,3,50
2,Dextromethorphan Hydrobromide,43,256
5,Diamorphine Hydrochloride,26,29
5,Isoaminile Citrate,30,343
2,Methadone Hydrochloride,42,353
2,Noscapine,50,313
4,Pholcodine,0,325
2,Ephedrine HCl/Dextrometh Hydrob,9,357
2,Ibuprofen/Pseudoephed HCl,47,266
2,Diphenhydramine HCl/Pholcodine,44,39
4,Guaiacol & Codeine,40,228
3,Squill/Ipecac,6,337
2,Ephedrine HCl/Ipecacuanha,33,376
4,Pseudoephedrine HCl/Dextrometh Hydrob,27,233
2,Citric Acid Monohydrate/Ipecacuanha,21,234
1,Ammonium Chloride/Diphenhydramine HCl,27,101
4,Ammonium Acetate,29,307
2,Ammonium Bicarbonate,31,84
2,Belladonna & Ipecacuanha,21,209
4,Simple,18,328
2,Cocillana,18,186
5,Caffeine & Sodium Iodide,42,244
2,Guaifenesin,29,155
4,Glycerol,5,264
4,Squill,40,292
5,Squill Opiate,2,82
2,Creosote,34,95
2,Powdered Opium,31,257
3,Prepared Stramonium,48,326
1,Pseudoephedrine HCl Combinations,10,188
2,Dextromethorphan Hydrobrom Comp Prep's,42,33
1,Euphorbia,8,240
1,Ipecacuanha,22,183
5,Brompheniramine Maleate Combinations,32,277
4,Liquorice,15,299
1,Terpin Hydrate,7,290
4,Ephedrine Hydrochloride,40,122
5,Wild Cherry Bark,47,28
5,Other Expectorant& Demulcent Cough Preps,26,41
2,Ammonium Chloride,45,199
5,Potassium Iodide,22,376
1,Pholcodine,43,332
4,Diphenhydramine Hydrochloride,42,393
1,Carbinoxamine Maleate,11,241
2,Promethazine Hydrochloride,40,29
4,Ephedrine Hydrochloride,11,194
5,Phenylpropanolamine Hydrochloride,45,120
4,Pseudoephedrine Sulphate Combinations,13,110
1,Pseudoephedrine Hydrochloride,41,258
3,Phenylephrine Hydrochloride,36,91
2,Pirfenidone,35,380
4,Sodium Bromide,35,54
2,Methaqualone & Diphenhydramine HCl,38,31
4,Sodium Oxybate,8,145
5,Melatonin,28,159
2,Chloral Hydrate,7,84
2,Cloral Betaine,28,174
4,Clomethiazole Edisilate,30,220
4,Clomethiazole,18,148
5,Flunitrazepam,0,149
5,Flurazepam Hydrochloride,39,266
3,Loprazolam Mesilate,49,200
2,Lormetazepam,7,193
4,Midazolam Maleate,15,45
5,Nitrazepam,44,47
3,Potassium Bromide,10,64
1,Temazepam,26,119
2,Triazolam,19,250
5,Zaleplon,37,324
5,Triclofos Sodium,37,170
1,Zolpidem Tartrate,6,104
5,Zopiclone,15,183
4,Other Hypnotic Preps,7,281
4,Alprazolam,27,390
3,Buspirone Hydrochloride,50,360
1,Clotiazepam,44,347
5,Chlordiazepoxide,6,336
2,Chlordiazepoxide Hydrochloride,38,358
4,Chlormezanone,39,158
5,Bromazepam,41,31
5,Diazepam,32,225
5,Ketazolam,47,41
4,Lorazepam,38,175
1,Medazepam,10,174
3,Meprobamate,14,353
3,Oxazepam,31,253
3,Prazepam,47,333
5,Clorazepate Dipotassium,37,41
2,Other Anxiolytic Preps,39,202
5,Amobarbital,50,358
4,Amobarbital Sodium,35,229
3,Barbital Sodium,39,329
2,Butobarbital,14,186
4,Cyclobarbital Calcium,23,227
4,Methyprylon,24,169
3,Pentobarbital Sodium,0,48
2,Secobarbital Sodium,34,218
1,Veralipride,28,62
5,Quetiapine,34,315
1,Zotepine,16,39
1,Aripiprazole,21,72
4,Paliperidone,30,346
5,Melperone Hydrochloride,5,329
3,Ziprasidone Hydrochloride,43,395
2,Clotiapine,0,60
1,Lurasidone,46,179
5,Amisulpride,32,296
5,Benperidol,46,153
3,Clozapine,21,227
4,Chlorpromazine Hydrochloride,38,360
1,Bromperidol,8,40
3,Chlorprothixene,49,122
3,Droperidol,8,394
1,Flupentixol Hydrochloride,8,312
3,Fluphenazine Hydrochloride,26,78
5,Haloperidol,28,30
3,Levomepromazine Maleate,26,68
5,Levomepromazine Hydrochloride,40,184
5,Loxapine Succinate,15,236
2,Oxypertine,49,38
4,Pericyazine,27,155
5,Perphenazine,30,178
1,Pimozide,2,57
5,Promazine Hydrochloride,14,70
1,Zuclopenthixol Hydrochloride,36,365
2,Sulpiride,4,275
1,Thiopropazate Hydrochloride,14,209
4,Thioridazine,1,259
4,Trifluoperazine,18,51
1,Trifluperidol,37,332
3,Remoxipride Hydrochloride,28,136
2,Zuclopenthixol Acetate,25,91
1,Tiotixene,44,227
1,Risperidone,34,140
2,Prothipendyl Hydrochloride,3,115
1,Sertindole,17,369
3,Olanzapine,5,226
5,Risperidone,44,74
4,Paliperidone,50,126
2,Olanzapine Embonate,30,344
2,Aripiprazole,16,38
4,Flupentixol Decanoate,17,268
5,Fluphenazine Decanoate,13,386
1,Fluphenazine Enantate,22,383
4,Fluspirilene,38,152
4,Haloperidol Decanoate,34,115
5,Pipotiazine Palmitate,39,226
2,Zuclopenthixol Decanoate,9,80
1,Lithium Carbonate,5,50
3,Lithium Citrate,20,38
5,Valproic Acid,11,369
1,Asenapine,32,72
5,Other Mania & Hypomania Preps,4,71
5,Amitriptyline Hydrochloride,33,328
3,Amoxapine,5,25
2,Butriptyline,29,258
1,Amitriptyline Embonate,42,290
2,Clomipramine Hydrochloride,37,341
1,Dibenzepin Hydrochloride,1,227
5,Desipramine Hydrochloride,28,177
1,Amineptine Hydrochloride,46,383
1,Dosulepin Hydrochloride,27,131
4,Doxepin,12,228
3,Imipramine Hydrochloride,34,102
5,Nomifensine Hydrogen Maleate,7,329
5,Iprindole,14,183
4,Lofepramine Hydrochloride,6,372
2,Maprotiline Hydrochloride,5,32
2,Mianserin Hydrochloride,4,384
1,Nortriptyline,23,207
1,Protriptyline Hydrochloride,11,53
4,Trazodone Hydrochloride,32,142
3,Trimipramine Maleate,33,262
5,Viloxazine Hydrochloride,21,171
1,Iproniazid,20,151
4,Isocarboxazid,42,273
4,Moclobemide,9,97
3,Phenelzine Sulfate,16,69
4,Tranylcypromine Sulfate,20,357
1,Citalopram Hydrobromide,42,201
1,Fluoxetine Hydrochloride,26,366
1,Fluvoxamine Maleate,21,56
1,Paroxetine Hydrochloride,41,376
3,Sertraline Hydrochloride,32,128
3,Escitalopram,48,262
1,Duloxetine Hydrochloride (old),13,306
4,Citalopram Hydrochloride,13,271
3,Levomilnacipran,7,372
5,Vortioxetine,7,207
1,Bupropion Hydrochloride,36,360
1,Flupentixol Hydrochloride,0,66
3,5-Hydroxytryptophan,6,21
2,Minaprine Hydrochloride,25,23
3,Oxitriptan,36,222
2,Tryptophan,25,312
3,Nefazodone Hydrochloride,1,212
2,Reboxetine,26,150
4,Venlafaxine,33,282
4,Mirtazapine,34,386
4,Duloxetine Hydrochloride,24,73
1,Agomelatine,29,171
3,Other Antidepressant Preps,28,24
1,Amfetamine Sulfate,30,236
5,Caffeine,26,198
5,Caffeine Citrate,22,87
4,Deanol,24,125
5,Dexamfetamine Sulfate,50,115
2,Methylphenidate Hydrochloride,12,395
3,Methylamfetamine Hydrochloride,47,235
2,Pemoline,43,124
5,Modafinil,37,240
2,Atomoxetine Hydrochloride,1,315
1,Dexmethylphenidate Hydrochloride,42,26
5,Lisdexamfetamine Dimesylate,33,215
5,Guanfacine,50,301
3,Methylcellulose,8,149
5,Orlistat,42,162
2,Sterculia,34,38
5,Dexfenfluramine Hydrochloride,26,158
3,Diethylpropion Hydrochloride,50,316
2,Fenfluramine Hydrochloride,39,264
3,Mazindol,19,378
3,Phentermine,37,94
4,Sibutramine,24,204
5,Rimonabant,21,272
1,Doxylamine Succinate/Pyridoxine HCl,26,118
5,Palonosetron Hydrochloride,8,229
1,Dimenhydrinate/Cinnarizine,33,31
4,Aprepitant,18,276
5,Fosaprepitant,50,362
2,Granisetron,40,314
1,Netupitant/Palonosetron Hcl,10,23
5,Hyoscine,25,84
4,Betahistine Hydrochloride,6,153
1,Buclizine Hydrochloride,38,57
4,Cinnarizine,4,376
3,Flunarizine Hydrochloride,25,268
5,Cyclizine Hydrochloride,27,256
1,Cyclizine Lactate,37,338
2,Dimenhydrinate,23,357
5,Difenidol Hydrochloride,12,203
3,Domperidone,42,133
5,Hyoscine Hydrobromide,15,377
2,Granisetron Hydrochloride,14,264
4,Meclozine Hydrochloride,37,382
4,Metoclopramide Hydrochloride,48,231
5,Ginger,6,298
1,Nabilone,5,116
5,Ondansetron Hydrochloride,43,203
1,Prochlorperazine Maleate,12,19
5,Prochlorperazine Mesilate,0,151
3,Promethazine Teoclate,9,273
3,Ketamine Hydrochloride,41,60
5,Thiethylperazine Maleate,21,244
2,Tropisetron,8,35
4,Dolasetron Mesilate,38,124
1,Other Nausea & Vertigo Preps,5,155
4,Aspirin & Caffeine,17,196
5,Paracetamol & Phenylephrine HCl,48,22
5,Isometheptene Mucate,46,272
4,Paracetamol & Ibuprofen,12,331
3,Aspirin & Papaveretum,10,232
1,Aspirin,50,203
2,Dipyrone Sodium,11,30
5,Co-Codamol (Codeine Phos/Paracetamol),22,291
2,Paracetamol,35,55
3,Phenazone,5,192
1,Phenol,46,270
1,Co-Codaprin (Codeine Phos/Aspirin),27,71
4,Co-Dydramol (Dihydrocodeine/Paracet),31,82
3,Nefopam Hydrochloride,40,187
1,Co-Proxamol (Dextroprop HCl/Paracet),48,99
5,Aspirin Phenacetin & Codeine(Codeine Co),46,345
4,Aspirin & Paracetamol,15,90
3,Aspirin Paracetamol & Codeine,40,26
1,Paracetamol & Caffeine,29,283
2,Paracetamol & Codeine Phosphate,22,10
5,Aspirin Combined Preparations,26,322
4,Paracetamol Combined Preparations,7,184
5,Aloxiprin,21,154
2,Other Non-Opioid Analgesic Preps,40,116
2,Lysine Aspirin,24,311
5,Co-Methiamol (Methionine/Paracetamol),48,380
4,Butorphanol Tartrate,12,93
3,Papaveretum,49,163
1,Phenoperidine Hydrochloride,26,49
2,Oxycodone Hydrochloride,9,168
1,Diamorphine Hydrochloride (Top),12,363
2,Oxycodone HCl/Naloxone HCl,11,315
3,Tapentadol Hydrochloride,40,52
2,Fentanyl,20,30
2,Buprenorphine,48,243
5,Codeine Phosphate,41,241
1,Dextromoramide Tartrate,9,359
5,Dextropropoxyphene,34,362
4,Dihydrocodeine Tartrate,22,77
5,Dipipanone Hydrochloride,43,58
1,Levorphanol Tartrate,17,124
4,Diamorphine Hydrochloride (Systemic),15,251
2,Meptazinol Hydrochloride,29,285
2,Methadone Hydrochloride,4,306
5,Morphine,39,214
1,Morphine Hydrochloride,11,384
1,Morphine Sulfate,23,276
3,Pentazocine Hydrochloride,18,287
1,Pentazocine Lactate,29,327
3,Pethidine Hydrochloride,49,328
3,Powdered Opium,4,25
3,Phenazocine Hydrobromide,26,225
1,Nalbuphine Hydrochloride,36,20
2,Oxycodone,22,61
4,Morphine Anhydrous,10,156
5,Morphine Tartrate & Cyclizine Tartrate,14,202
4,Tramadol Hydrochloride,11,298
4,Hydromorphone Hydrochloride,20,33
3,Cannabis,19,82
3,Gabapentin (Neuropathic Pain),20,51
5,Capsaicin (Neuropathic Pain),0,283
1,Eletriptan,41,16
4,Frovatriptan,27,394
1,Analgesics with Anti-Emetics,49,95
2,Almotriptan,4,288
1,Dihydroergotamine Mesilate,19,10
3,Ergotamine Tartrate,25,22
1,Naratriptan Hydrochloride,22,304
2,Rizatriptan,32,324
3,Sumatriptan Succinate,18,145
5,Tolfenamic Acid,43,169
3,Zolmitriptan,36,356
4,Other Treatment of Acute Migraine Preps,3,351
3,Semisodium Valproate,1,289
4,Clonidine Hydrochloride,36,303
1,Methysergide,25,35
5,Pizotifen Malate,50,336
2,Other Prophylaxis of Migraine Preps,4,298
4,Felbamate,4,108
3,Tiagabine,11,369
5,Semisodium Valproate,47,231
1,Zonisamide,24,78
5,Pregabalin,38,188
3,Rufinamide,34,328
3,Stiripentol,24,242
3,Lacosamide,22,131
3,Eslicarbazepine Acetate,33,202
1,Retigabine,7,339
1,Perampanel,38,73
5,Brivaracetam,29,66
5,Levetiracetam,3,347
1,Beclamide,42,105
5,Carbamazepine,20,226
1,Oxcarbazepine,18,132
3,Clonazepam,43,40
5,Gabapentin,9,88
1,Lamotrigine,3,82
5,Ethosuximide,5,370
1,Mesuximide,10,54
4,Methylphenobarbital,20,193
5,Pheneturide,47,271
1,Phenobarbital,46,229
4,Phenobarbital Sod,5,248
2,Phenytoin Sodium,30,390
1,Mephenytoin,21,76
5,Phenobarbital & Phenytoin,3,263
1,Phensuximide,36,361
5,Primidone,11,371
4,Trimethadione,0,308
2,Sodium Valproate,1,36
1,Vigabatrin,19,282
2,Sultiame,47,168
4,Phenytoin,36,154
2,Other Preparations,8,183
2,Valproic Acid,38,221
1,Barbexaclone,25,160
3,Topiramate,27,150
3,Clobazam,45,164
2,Clonazepam,45,29
5,Paraldehyde,3,242
2,Phenytoin Sodium,43,200
2,Fosphenytoin Sodium,47,371
1,Midazolam Maleate,43,259
5,Midazolam Hydrochloride,50,386
2,Apomorphine Hydrochloride,32,393
2,Amantadine Hydrochloride,7,118
5,Benserazide Hydrochloride,50,149
5,Carbidopa,40,379
1,Ropinirole Hydrochloride,13,374
3,Levodopa,0,163
3,Co-Beneldopa (Benserazide/Levodopa),47,56
2,Lisuride Maleate,5,334
3,Memantine Hydrochloride,41,73
4,Co-Careldopa (Carbidopa/Levodopa),3,127
3,Pergolide Mesilate,11,14
1,Piribedil,26,341
5,Tolcapone,13,222
4,Selegiline Hydrochloride,40,320
2,Cabergoline,20,278
1,Entacapone,32,214
1,Pramipexole,34,285
1,Levodopa/Carbidopa/Entacapone,42,353
1,Rasagiline Mesilate,35,52
5,Rotigotine,24,190
4,Trihexyphenidyl Hydrochloride,31,111
3,Benzatropine Mesilate,3,218
5,Biperiden Hydrochloride,7,77
1,Biperiden Lactate,46,262
1,Chlorphenoxamine Hydrochloride,15,150
2,Metixene Hydrochloride,20,189
1,Orphenadrine Hydrochloride,49,356
5,Procyclidine Hydrochloride,9,62
5,Botulinum Toxin Type B,24,283
5,Botulinum Toxin Type A,39,28
5,Tetrabenazine,7,351
3,Piracetam,33,227
3,Riluzole,17,79
1,Tafamidis,1,214
2,Acamprosate Calcium,20,40
2,Disulfiram,6,225
3,Citrated Calcium Carbimide,43,150
1,Nalmefene,29,339
3,Bupropion Hydrochloride,6,40
5,Nicotine,45,326
3,Varenicline Tartrate,15,228
3,Nicotine Bitartrate,49,292
2,Buprenorphine Hydrochloride,14,383
5,Buprenorph HCl/Naloxone HCl,16,225
5,Methadone Hydrochloride,10,370
5,Lofexidine Hydrochloride,46,360
2,Naltrexone Hydrochloride,42,202
1,Levacetylmethadol Hydrochloride,14,84
1,Donepezil Hydrochloride,47,103
4,Rivastigmine,17,204
1,Galantamine,31,172
3,Memantine Hydrochloride,23,259
3,Idebenone,24,152
4,Benethamine Penicillin,5,140
5,Benzathine Penicillin,7,182
3,Benzylpenicillin (Penicillin G),25,42
3,Benzylpenicillin Sodium (Penicillin G),15,81
4,Penamecillin,36,238
2,Pheneticillin Potassium,48,209
3,Phenoxymethylpenicillin (Penicillin V),40,321
5,Procaine Benzylpenicillin,47,295
2,Propicillin Potassium,33,204
2,Benethamine Penicillin/Benzylpenicillin,8,164
4,Cloxacillin,13,10
4,Flucloxacillin Sodium,3,299
1,Flucloxacillin Magnesium,37,159
5,Methicillin Sodium,7,253
4,Temocillin Sodium,39,148
2,Amoxicillin,3,99
4,Amoxicillin Sodium,18,315
4,Ampicillin With Sulbactam,44,131
1,Ampicillin,9,248
1,Ampicillin With Cloxacillin,7,399
1,Bacampicillin Hydrochloride,21,11
4,Ciclacillin,28,108
1,Co-Amoxiclav (Amoxicillin/Clavul Acid),41,235
3,Co-Fluampicil(Flucloxacillin/Ampicillin),32,373
5,Mezlocillin,40,286
3,Pivampicillin,42,75
4,Pivampicillin With Pivmecillinam,48,10
5,Talampicillin Hydrochloride,48,23
4,Sultamicillin Tosilate,15,355
4,Azlocillin Sodium,43,108
2,Carbenicillin Sodium,3,328
3,Carbenicillin Sod With Sod Chloride,40,19
2,Carfecillin Sodium,2,74
1,Piperacillin Sodium With Sodium Chloride,43,381
1,Piperacillin Sodium,29,48
1,Ticarcillin With Clavulanic Acid,8,178
3,Ticarcillin Sodium,26,140
2,Ticarcillin Sodium With Sodium Chloride,40,41
4,Piperacillin Sodium/Tazobactam Sodium,24,162
2,Mecillinam,47,378
1,Pivmecillinam Hydrochloride,42,33
5,Cefprozil,21,121
5,Cefodizime Sodium,47,75
3,Cefsulodin Sodium,34,117
2,Ceftizoxime Sodium,44,303
4,Cefalotin,0,171
3,Cefamandole,49,282
2,Ceftibuten,44,389
3,Cefazolin Sodium,41,279
3,Latamoxef Disodium,7,146
4,Cefradine With Sodium Chloride,13,164
1,Cefpirome Sulfate,23,134
4,Cefaclor,6,296
3,Cefadroxil,32,86
5,Cefixime,2,57
4,Cefotaxime Sodium,39,89
2,Cefoxitin Sodium,48,67
3,Cefpodoxime,29,325
3,Ceftriaxone Sodium,24,23
5,Ceftazidime Pentahydrate,37,374
2,Ceftazidime With Sodium Chloride,8,28
1,Cefuroxime Sodium,17,332
1,Cefuroxime Axetil,19,320
1,Cefalexin,10,379
1,Cefradine,9,70
3,Meropenem,19,364
2,Ertapenem Sodium,43,187
4,Doripenem,31,104
3,Imipenem With Cilastatin,10,63
2,Aztreonam,39,100
4,Aztreonam With Sodium Chloride,11,177
4,Chlortetracycline Hydrochloride,27,328
3,Clomocycline Sodium,50,105
5,Demeclocycline Hydrochloride,18,207
4,Doxycycline Hyclate,14,92
4,Lymecycline,10,147
3,Methacycline Hydrochloride,2,346
3,Minocycline Hydrochloride,21,189
3,Oxytetracycline,46,64
4,Tetracycline,28,205
5,Tetracycline Buffered Complex,11,214
5,Tetracycline Combined Preparations,35,170
5,Tigecycline,24,352
1,Doxycycline Monohydrate,41,79
5,Amikacin,7,149
3,Amikacin With Sodium Chloride,44,145
4,Framycetin Sulfate,46,60
2,Gentamicin Sulfate,5,286
4,Gentamicin Sulfate With Sodium Chloride,49,167
5,Kanamycin,27,172
3,Neomycin Sulfate,9,297
1,Netilmicin Sulfate,45,123
4,Tobramycin,8,363
5,Tobramycin With Sodium Chloride,40,368
1,Azithromycin,27,288
1,Clarithromycin,1,381
4,Erythromycin,17,195
4,Erythromycin Estolate,31,116
2,Erythromycin Ethylsuccinate,16,136
1,Erythromycin Lactobionate,41,357
2,Erythromycin Stearate,0,336
4,Spiramycin,7,108
2,Telithromycin,32,203
4,Roxithromycin,44,321
1,Clindamycin Hydrochloride,17,79
5,Clindamycin Phosphate,47,276
2,Lincomycin Hydrochloride,12,302
1,Taurolidine,41,33
3,Nitazoxanide,15,332
5,Fidaxomicin,21,179
1,Tedizolid,26,260
4,Nifuroxazide,32,165
4,Chloramphenicol,15,386
1,Colistin Sulfate,41,185
4,Colistimethate Sodium,25,235
3,Novobiocin,3,91
5,Polymyxin B Sulfate,48,68
3,Fusidic Acid,11,138
5,Sodium Fusidate,50,279
2,Spectinomycin Hydrochloride,1,14
5,Teicoplanin,15,225
2,Vancomycin Hydrochloride,14,174
1,Quinupristin/Dalfopristin,43,67
2,Linezolid,33,120
1,Rifaximin,0,324
2,Daptomycin,15,273
1,Pristinamycin,37,51
3,Calcium Sulfaloxate,44,340
2,Co-Trimoxazole(Trimethoprim/Sulfamethox,24,275
1,Mixed Sulfonamides,46,307
3,Phthalylsulfhathiazole,7,202
4,Sulfamethoxypyridazine,17,331
4,Sulfametopyrazine,21,155
3,Sulfathiazole,34,71
5,Sulfadiazine,0,43
3,Sulfadimethoxine,24,192
5,Sulfamethizole,50,307
4,Sulfadimidine,12,374
1,Sulfadimidine Sodium,27,279
2,Sulphafurazole,28,281
3,Sulfaguanidine,25,305
3,Sulfamethoxypyridazine,6,12
2,Sulphaurea,20,257
4,Sulfapyridine,24,219
4,Trimethoprim,28,53
3,Sulfaphenazole,1,136
5,Aminosalicylic Acid,35,335
2,Capreomycin,15,160
1,Cycloserine,35,352
3,Ethambutol Hydrochloride,23,42
5,Ethionamide,50,187
2,Isoniazid,37,359
3,Protionamide,44,322
1,Pyrazinamide,28,339
3,Rifabutin,6,44
1,Rifampicin,46,152
4,Rifampicin Combined Preparations,23,317
5,Streptomycin,3,167
4,Bedaquiline,24,334
3,Delamanid,0,224
3,Clofazimine,31,221
3,Dapsone,34,313
5,Thalidomide (Antileprotic),10,295
3,Metronidazole,17,151
1,Tinidazole,40,314
2,Ornidazole,6,112
2,Rosoxacin,25,39
3,Cinoxacin,46,183
3,Ciprofloxacin Lactate,13,92
3,Ciprofloxacin,17,91
3,Enoxacin,45,73
1,Nalidixic Acid,18,345
5,Ofloxacin,44,36
5,Norfloxacin,4,145
3,Pefloxacin,18,208
5,Pipemidic Acid,0,41
2,Temafloxacin Hydrochloride,43,362
4,Grepafloxacin Hydrochloride,35,87
3,Levofloxacin,13,146
3,Moxifloxacin,46,360
3,Fosfomycin Trometamol,30,116
2,Methenamine Hippurate,36,397
3,Methenamine Hippurate,38,129
4,Methenamine Mandelate,47,85
3,Nitrofurantoin,36,275
5,Fosfomycin Calcium,13,380
4,Posaconazole,11,295
4,Anidulafungin,24,181
1,Micafungin,9,116
5,Amphotericin,49,323
1,Caspofungin,24,81
2,Fluconazole,27,232
2,Flucytosine,30,304
3,Griseofulvin,11,213
4,Itraconazole,18,95
2,Ketoconazole,21,295
2,Miconazole,4,260
5,Natamycin,8,149
2,Nystatin,27,252
4,Terbinafine Hydrochloride,9,49
3,Voriconazole,23,167
4,Other Antifungal Preps,18,129
2,Posaconazole,48,48
4,Fluconazole,14,304
5,Itraconazole,6,285
3,Voriconazole,5,112
1,Isavuconazole,36,78
4,Ketoconazole,15,314
1,Miconazole,46,259
4,Amphotericin,2,55
4,Nystatin,5,288
1,Anidulafungin,6,249
2,Micafungin,11,14
5,Caspofungin,35,34
5,Flucytosine,41,291
1,Griseofulvin,35,227
1,Terbinafine Hydrochloride,3,14
3,Other Antiviral Preps,0,28
2,Emtricitabine & Tenofovir Disoproxil,24,15
2,Tipranavir,23,172
5,Darunavir,27,296
5,Maraviroc,39,215
5,Raltegravir,28,177
3,Etravirine,5,170
1,Rilpivirine,14,368
5,Dolutegravir,49,322
4,Cobicistat,17,43
3,Elvitegravir,7,394
1,Darunavir/Cobicistat,24,384
4,Atazanavir & Cobicistat,2,304
4,Lamivudine & Zidovudine,50,298
5,Nevirapine,41,388
5,Nelfinavir Mesilate,50,94
5,Efavirenz,14,122
3,Abacavir,48,160
1,Abacavir/Lamivudine/Zidovudine,29,209
5,Lopinavir & Ritonavir,40,98
3,Tenofovir Disoproxil,40,233
5,Amprenavir,5,329
3,Enfuvirtide,23,139
1,Emtricitabine,10,61
2,Atazanavir,18,353
5,Fosamprenavir Calcium,41,135
3,Didanosine,17,122
3,Ribavirin (Old),41,135
2,Lamivudine,8,194
2,Saquinavir Mesylate,9,211
2,Stavudine,15,322
3,Indinavir,13,277
3,Ritonavir,7,235
1,Sodium Diethyldithiocarbamate,34,205
1,Zalcitabine,20,211
1,Zidovudine,23,152
1,Abacavir & Lamivudine,2,206
1,Other HIV Infection Preps,30,228
1,Valaciclovir,19,19
1,Aciclovir Sodium,28,139
4,Aciclovir,7,252
5,Inosine Pranobex,27,235
4,Famciclovir,26,363
4,Foscarnet Sodium With Glucose,16,278
1,Valganciclovir Hydrochloride,22,261
3,Cidofovir,0,370
3,Ganciclovir,25,177
4,Foscarnet Sodium,5,330
2,Ganciclovir With Sodium Chloride,24,32
3,Foscarnet Sodium With Sodium Chloride,25,363
3,Adefovir Dipivoxil,40,386
3,Entecavir,19,345
1,Telbivudine,1,215
1,Boceprevir,2,56
2,Telaprevir,10,139
3,Sofosbuvir,6,386
1,Simeprevir,41,306
5,Daclatasvir,9,138
1,Sofosbuvir/Ledipasvir,42,80
1,Paritaprevir/Ritonavir/Ombitasvir,27,236
3,Dasabuvir,20,148
2,Zanamivir,30,224
5,Oseltamivir Phosphate,25,305
1,Amantadine Hydrochloride,20,164
2,Palivizumab,14,332
5,Ribavirin,7,103
4,Artemether with Lumefantrine,3,364
1,Piperaquine Phosphate/Artenimol,42,156
3,Amodiaquine,16,382
2,Chloroquine Phosphate,28,227
5,Chloroquine Sulfate,41,45
2,Halofantrine Hydrochloride,5,10
3,Primaquine,8,254
5,Mefloquine Hydrochloride,50,127
3,Proguanil Hydrochloride,38,120
4,Pyrimethamine,11,338
1,Pyrimethamine with Sulfadoxine,10,218
4,Pyrimethamine with Dapsone,29,296
1,Quinine Bisulfate,19,73
4,Proguanil Hydrochloride With Atovaquone,8,184
4,Quinine Dihydrochloride,50,44
5,Quinine Hydrochloride,13,364
1,Quinine Sulfate,26,336
5,Chloroquine Phosphate with Proguanil HCl,14,65
3,Di-Iodohydroxyquinoline,42,143
3,Diloxanide Furoate,26,215
5,Other Amoebicide Preps,21,159
5,Nimorazole,31,280
3,Furazolidone,0,252
3,Mepacrine Hydrochloride,13,367
5,Sodium Stibogluconate,18,358
2,Paromomycin Sulfate,12,159
3,Nifurtimox,12,400
3,Benznidazole,27,310
4,Atovaquone,35,222
1,Pentamidine Isetionate,13,251
5,Mebendazole,45,212
4,Piperazine,11,399
2,Pyrvinium Pamoate,23,300
2,Pyrantel Embonate,30,59
4,Levamisole Hydrochloride,6,145
5,Albendazole,47,350
1,Niclosamide,5,297
3,Bephenium Hydroxynaphthoate,48,31
5,Metrifonate,19,197
2,Oxamniquine,44,75
3,Praziquantel,25,210
2,Diethylcarbamazine Citrate,2,247
4,Ivermectin,28,172
2,Tiabendazole,44,247
3,Insulin Aspart,27,283
2,Acid Insulin Injection,22,316
4,Insulin Lispro,22,70
4,Soluble Insulin (Neutral Insulin),4,95
2,Insulin Glulisine,20,328
4,Insulin Human Inhaled,45,230
3,Insulin Human,30,145
3,Ins Degludec/Liraglutide,37,83
3,Biphasic Insulin Injection,24,269
3,Biphasic Isophane Insulin,16,96
2,Biphasic Insulin Lispro,11,230
4,Insulin Zinc Suspension,13,370
4,Insulin Zinc Suspension (Amorphous),27,35
2,Insulin Zinc Suspension (Crystalline),7,396
2,Isophane Insulin,10,122
5,Protamine Zinc Insulin,1,341
5,Insulin Glargine,28,249
2,Biphasic Insulin Aspart,24,57
4,Insulin Detemir,46,337
1,Insulin Degludec,24,382
5,Other Intermed&Long-Acting Insulin Preps,47,166
1,Glimepiride,7,317
2,Acetohexamide,33,49
3,Chlorpropamide,27,371
2,Glibenclamide,34,49
5,Glibornuride,35,84
2,Gliclazide,13,27
2,Glipizide,19,251
2,Gliquidone,44,312
1,Glymidine,34,192
3,Tolazamide,39,86
3,Tolbutamide,0,208
1,Metformin Hydrochloride,44,60
2,Phenformin Hydrochloride,9,341
2,Vildagliptin,47,356
5,Liraglutide,11,24
4,Saxagliptin,17,276
1,Metformin Hydrochloride/Sitagliptin,35,63
3,Linagliptin,48,329
5,Linagliptin/Metformin,40,329
3,Dapagliflozin,13,350
4,Saxagliptin/Metformin,20,207
3,Lixisenatide,32,135
4,Alogliptin/Metformin,46,92
2,Alogliptin,49,308
2,Dapagliflozin/Metformin,7,369
4,Canagliflozin,31,241
4,Empagliflozin,20,135
2,Canagliflozin/Metformin,26,141
3,Dulaglutide,3,153
5,Empagliflozin/Metformin,28,101
2,Albiglutide,44,384
5,Acarbose,22,215
3,Pioglitazone Hydrochloride,29,103
2,Guar Gum,16,132
5,Miglitol,28,173
2,Repaglinide,41,39
2,Rosiglitazone,11,186
4,Troglitazone,25,271
3,Nateglinide,36,37
5,Metformin Hydrochloride/Rosiglitazone,28,211
4,Metformin Hydrochloride/Pioglitazone,8,146
5,Sitagliptin,49,126
3,Exenatide,35,315
2,Metformin Hydrochloride/Vildagliptin,48,48
2,Diazoxide,16,151
3,Glucagon,44,340
4,Glucose,29,189
5,Tolrestat,12,248
3,Glucose Blood Testing Reagents,40,179
5,Urine Testing Reagents,37,393
4,Ketone Blood Testing Reagents,17,139
2,Other Screening & Monitoring Agent Preps,9,109
4,Thyrotropin Alfa,21,322
4,Liothyronine Sodium,21,195
2,Levothyroxine Sodium & Potassium Iodide,38,351
1,Levothyroxine Sodium,29,45
4,Thyroid,31,137
3,Thyroid Extracts,17,50
3,Levothyroxine Sodium & Liothyronine,24,289
2,Other Thyroid Hormone Preps,39,349
3,Benzylthiouracil,17,318
4,Carbimazole,26,295
1,Iodine,14,24
4,Potassium Iodate,33,308
3,Potassium Iodide,31,292
5,Potassium Perchlorate,38,359
2,Thiamazole,20,93
2,Propylthiouracil,44,259
2,Other Antithyroid Preps,43,293
1,Desoxycortone Pivalate,17,61
2,Fludrocortisone Acetate,17,82
1,Dexamethasone Phosphate,42,342
5,Cortivazol,35,169
4,Methylprednisolone Aceponate,48,280
2,Betamethasone,0,315
4,Betamethasone Sodium Phosphate,31,323
4,Betamethasone Valerate,8,388
3,Cortisone Acetate,31,111
4,Dexamethasone,12,128
2,Dexamethasone Sodium Phosphate,50,56
3,Deflazacort,4,48
1,Hydrocortisone,22,214
3,Methylprednisolone Sodium Succinate,18,168
4,Hydrocortisone Sodium Phosphate,19,129
2,Hydrocortisone Sodium Succinate,29,335
3,Hydrocortisone Cipionate,38,344
1,Prednisolone Sodium Metasulfobenzoate,49,321
4,Methylprednisolone,48,306
2,Prednisolone,42,168
2,Prednisolone Sodium Phosphate,3,308
4,Prednisolone Steaglate,17,204
2,Prednisone,44,310
1,Triamcinolone,47,150
2,Triamcinolone Acetonide,44,65
4,Other Corticosteroid Preps,33,345
5,Estradiol Acetate,17,193
4,Dienestrol,48,184
1,Chlorotrianisene,5,270
3,Ethinylestradiol,7,32
5,Ethinyloestradiol with Progestogen,47,186
4,Mestranol With Progestogen,10,243
4,Estradiol,34,26
3,Estradiol  Estriol and Estrone,50,111
1,Estradiol Benzoate,48,68
5,Estradiol and Estriol with Progestogen,2,314
4,Estradiol Valerate,14,395
5,Estradiol with Progestogen,50,150
5,Estriol,8,163
2,Estradiol with Cyproterone Acetate,34,38
5,Oestrogens Conjugated,37,130
5,Oestrogens Conjugated with Progestogen,31,16
5,Estropipate,0,195
4,Estropipate with Progestogen,39,181
1,Estradiol and Estriol,35,174
1,Quinestradol,42,366
5,Quinestrol,4,119
3,Raloxifene Hydrochloride,28,331
5,Tibolone,9,210
2,Oestrogens Esterified With Androgen,43,390
2,Other Oestrogen & HRT Preps,32,215
1,Allyloestrenol,42,207
5,Dydrogesterone,18,322
5,Hydroxyprogesterone Caproate,25,184
4,Medroxyprogesterone Acetate,15,281
1,Medrogestone,47,275
2,Norethisterone,0,391
1,Progesterone,30,396
3,Norethisterone Acetate,48,170
2,Ulipristal Acet,17,311
5,Sildenafil (Fle Sex Hormone),36,122
3,Dienogest,25,260
2,Other Progestogen Preps,49,329
3,Dutasteride,45,214
5,Finasteride,16,295
4,Cyproterone Acetate,34,303
1,Fluoxymesterone,25,233
3,Mesterolone,32,52
4,Methyltestosterone,13,344
3,Testosterone,12,319
2,Testosterone Enantate,32,346
5,Testosterone Propionate,32,395
1,Testosterone Undecanoate,47,259
2,Testosterone Esters,9,185
5,Dutasteride & Tamsulosin Hydrochloride,2,285
4,Other Male Sex Hormone&Antagonist Preps,47,51
4,Ethyloestranol,28,242
5,Methandienone,32,348
3,Nandrolone Decanoate,2,201
5,Nandrolone Phenylpropionate,1,289
3,Oxandrolone,40,271
5,Prasterone,17,32
4,Androstanalone,9,311
2,Stanozolol,9,349
1,Other Anabolic Steroid Preps,16,398
3,Mecasermin,31,160
3,Follitropin Alfa & Lutropin Alfa,25,18
1,Somatorelin,13,106
5,Corifollitropin Alfa,19,303
3,Chorionic Gonadotrophin,8,35
2,Clomifene Citrate,45,231
4,Gonadorelin Acetate,23,347
3,Follitropin Alfa,5,139
1,Corticotropin,1,346
4,Follitropin Beta,43,30
2,Cyclofenil,30,342
3,Urofollitropin,39,38
4,Menotrophin,33,264
4,Gonadorelin,42,191
4,Somatrem,49,289
5,Protirelin,9,372
3,Somatropin,32,396
4,Tetracosactide,49,247
3,Sermorelin Acetate,46,88
4,Thyrotrophin,7,277
1,Chorionic Gonadotrophin Alfa,48,310
5,Lutropin Alfa,47,296
5,Pegvisomant,44,254
4,Desmopressin Acetate,2,78
3,Lypressin,22,139
1,Pituitary (Posterior Lobe),19,374
1,Terlipressin,26,169
5,Argipressin,38,219
1,Vasopressin Tannate,24,46
1,Tolvaptan,7,384
1,Calcitonin,0,245
2,Calcitonin (salmon),34,346
4,Teriparatide,4,84
1,Parathyroid Hormone,50,12
5,Alendronic Acid,4,366
3,Etidronate Disodium,4,388
2,Pamidronate Disodium,19,293
1,Risedronate Sodium,19,166
5,Sodium Clodronate,6,122
4,Tiludronic Acid,22,136
1,Zoledronic Acid,0,371
2,Ibandronic Acid,24,330
2,Strontium Ranelate,14,279
2,Alendronic Acid & Colecalciferol,42,240
4,Denosumab,36,123
3,Other Bisphosphonate & Other Preps,11,121
5,Bromocriptine,49,224
1,Cabergoline,1,288
5,Metergoline,50,136
5,Quinagolide Hydrochloride,13,11
5,Buserelin,42,390
4,Danazol,3,386
3,Cetrorelix,20,376
2,Gamolenic Acid,35,96
2,Gestrinone,0,116
4,Nafarelin Acetate,22,345
2,Triptorelin,25,221
2,Ganirelix,46,397
2,Gamolenic Acid/Vit E,30,61
5,Triptorelin Embonate,37,287
3,Metyrapone,46,267
3,Trilostane,48,215
2,Mecasermin,38,83
1,Carboprost,23,229
1,Dinoprost Trometamol,45,233
4,Dinoprostone,14,136
4,Ergometrine Maleate,42,75
5,Gemeprost,26,377
4,Oxytocin,50,60
3,Prepared Ergot,28,40
1,Carbetocin,8,147
4,Misoprostol (Gynae),21,353
5,Alprostadil,39,14
4,Indometacin,47,244
4,Ibuprofen,44,344
2,Mifepristone,8,335
3,Mifepristone/Misoprostol,9,133
5,Isoxsuprine Hydrochloride,40,11
2,Orciprenaline Sulfate,44,382
1,Ritodrine Hydrochloride,21,86
5,Terbutaline Sulphate,15,268
3,Salbutamol,48,377
3,Atosiban,10,196
3,Dienestrol,25,132
4,Ethinylestradiol,26,370
5,Estriol,41,324
1,Estradiol,49,27
3,Oestrogens Conjugated,35,125
1,Estrone,39,337
1,Diethylstilbestrol,18,140
5,Other Vaginal/Vulva Changes Preps,33,200
4,Acetic Acid,49,333
1,Acetarsol,24,28
4,Amphotericin,17,140
2,Clindamycin Phosphate,33,281
1,Clotrimazole,42,135
5,Chlorhexidine Gluconate,32,259
1,Econazole Nitrate,14,164
3,Fenticonazole Nitrate,43,352
4,Hydrargaphen,42,187
5,Ichthammol,33,44
5,Isoconazole Nitrate,38,38
4,Lactobacillus Acidophilus,32,209
1,Miconazole Nitrate,23,33
1,Lactic Acid,4,204
3,Natamycin,46,325
3,Nystatin,14,348
5,Povidone Iodine,29,248
3,Prep's For Other Vaginal Infections,0,123
1,Metronidazole,47,264
1,Boric Acid,50,196
2,Other Vaginal & Vulval Infection Preps,3,131
1,Combined Ethinylestradiol 20mcg,43,368
2,Combined Ethinylestradiol 30mcg,21,233
1,Combined Ethinylestradiol 35mcg,25,394
3,Combined Ethinylestradiol 50mcg,37,240
3,Combined Ethinylestradiol 15mcg,8,18
5,Combined Mestranol,0,307
1,Phased Formulations Of Ethinylestradiol,2,377
2,Combined Ethinylestradiol 135mcg,43,323
1,Estradiol Val&Estradiol Val + Dienogest,40,269
3,Estradiol & Nomegestrol,14,15
2,Etonogestrel/Ethinylestradiol,43,222
2,Etynodiol Diacetate,31,178
3,Levonorgestrel,9,254
5,Norethisterone,29,386
2,Norgestrel,36,245
1,Desogestrel,22,312
1,Levonorgestrel,11,109
1,Medroxyprogesterone Acetate,11,224
5,Norethisterone Enantate,3,357
2,Etonogestrel,21,224
2,Levonorgestrel,9,126
3,Nonoxinol 9,36,359
4,Nonoxinol 10 11,36,40
5,Nonoxinol 11,23,344
4,Octoxinol,46,43
4,Spermicidal Contraceptive Prep's,34,255
1,Levonorgestrel,13,357
5,Ulipristal Acetate (Emergency Cont),16,16
2,Alfuzosin Hydrochloride,40,194
2,Bethanechol Chloride,31,56
3,Carbachol,33,159
1,Distigmine Bromide,37,268
1,Indoramin,3,264
5,Terazosin Hydrochloride,33,103
5,Tamsulosin Hydrochloride,41,346
2,Tamsulosin & Dutasteride Hydrochloride,17,334
2,Solifenacin/Tamsulosin,34,197
4,Duloxetine Hydrochloride,33,324
2,Solifenacin,35,279
1,Darifenacin Hydrobromide,10,279
3,Fesoterodine Fumarate,42,195
2,Mirabegron,43,125
1,Emepronium Bromide,28,375
2,Flavoxate Hydrochloride,49,56
2,Oxybutynin,26,196
2,Terodiline Hydrochloride,47,182
3,Tolterodine,48,263
1,Propiverine Hydrochloride,4,118
5,Trospium Chloride,31,24
2,Acetohydroxamic Acid,21,375
5,Ammonium Benzoate,17,347
2,Ammonium Chloride,44,271
2,Phenazopyridine Hydrochloride,43,358
5,Potassium Citrate,4,146
2,Sodium Citrate,42,258
1,Other Urological Pain Preps,24,55
1,Alum,38,366
5,Acetic Acid,37,173
5,Chlorhexidine Gluconate,43,74
3,Chlorhexidine Acetate,26,30
2,Boric Acid,33,241
4,Dimethyl Sulfoxide,5,344
2,Oxybutynin Hydrochloride,1,213
4,Mandelic Acid,39,308
2,Sodium Citrate,13,12
3,Sodium Chloride,17,355
1,Phenoxyethanol,43,33
5,Sterile Water For Bladder Instillations,1,82
3,Noxytiolin,14,180
2,Catheter Patency Solutions,47,299
4,Acetylcysteine,36,377
2,Other Bladder/Urological Preps,9,333
1,Vardenafil,46,343
5,Dapoxetine Hydrochloride,7,96
1,Avanafil,9,139
4,Phentolamine/Aviptadil,49,222
2,Alprostadil,33,64
4,Apomorphine Hydrochloride,16,104
4,Papaverine Hydrochloride,43,384
2,Papaverine Sulphate,5,185
1,Papaverine Hydrochloride/Phentolamine,36,114
4,Papaverine Sulfate/Phentolamine,38,170
1,Tadalafil,38,200
2,Moxisylyte Hydrochloride,30,269
5,Yohimbine Hydrochloride,0,139
4,Sildenafil (Erectile Dysfunction),46,180
1,Other Erectile Dysfunction Preps,27,228
3,Dapoxetine Hydrochloride,6,68
5,Calc Folinate,45,86
2,Mesna,32,282
2,Calc Levofolinate,36,12
1,Amifostine,33,260
3,Palifermin,23,332
5,Disodium Folinate,28,77
3,Dexrazoxane,19,276
5,Busulfan,46,321
5,Carmustine,23,390
5,Chlorambucil,43,26
4,Cyclophosphamide,16,368
5,Estramustine Phosphate,36,319
4,Etoglucid,35,99
1,Ifosfamide,2,293
1,Lomustine,35,374
1,Melphalan,14,104
2,Mitobronitol,36,244
2,Chlormethine Hydrochloride,31,314
5,Thiotepa,41,260
1,Treosulfan,8,112
1,Dactinomycin,22,250
2,Bleomycin,1,78
3,Daunorubicin,15,344
4,Doxorubicin Hydrochloride,44,254
3,Epirubicin Hydrochloride,29,240
3,Idarubicin Hydrochloride,46,284
3,Mitomycin,25,94
3,Mitoxantrone,0,358
5,Clofarabine,19,376
2,Nelarabine,48,371
3,Azacitidine,49,352
3,Tegafur/Gimeracil/Oteracil,32,366
2,Decitabine,16,309
5,Cladribine,21,194
4,Cytarabine,2,189
1,Floxuridine,39,273
4,Fluorouracil (Antimetabolites),40,342
3,Fluorouracil/Glucose,27,252
2,Mercaptopurine,17,206
4,Methotrexate,42,87
4,Tegafur,41,366
4,Tioguanine,30,103
2,Capecitabine,5,60
5,Fludarabine Phosphate,2,171
5,Gemcitabine,33,194
5,Pemetrexed,2,68
4,Raltitrexed,35,201
3,Etoposide,30,100
2,Vinblastine Sulfate,27,290
1,Vincristine Sulfate,26,400
5,Vindesine Sulfate,40,151
2,Vinorelbine,4,49
1,Imatinib Mesilate,14,28
1,Bexarotene,16,131
1,Bortezomib,27,107
2,Trastuzumab,20,400
2,Erlotinib,14,299
2,Topotecan,11,307
2,Cetuximab,41,68
2,Porfimer Sodium,2,78
1,Arsenic,24,277
2,Sorafenib,19,109
3,Temoporfin,6,161
4,Oxaliplatin,26,71
4,Sunitinib,18,343
2,Dasatinib,6,311
4,Bevacizumab,0,117
1,Panitumumab,47,343
4,Nilotinib,35,329
3,Lapatinib,14,384
5,Temsirolimus,28,201
2,Trabectedin,2,161
1,Gefitinib,47,171
4,Everolimus,24,10
5,Celecoxib,34,296
3,Pazopanib,30,204
4,Altretamine,22,188
3,Pegaspargase,14,128
1,Eribulin,18,151
4,Ipilimumab,19,399
1,Vemurafenib,27,51
3,Paclitaxel Albumin,9,99
3,Catumaxomab,22,120
4,Vandetanib,40,75
4,Pipobroman,6,112
2,Ruxolitinib,42,334
4,Axitinib,45,149
5,Pertuzumab,36,371
2,Bosutinib,3,54
2,Vismodegib,11,43
5,Regorafenib,2,177
1,Afatinib,9,336
5,Ponatinib,14,203
1,Cabozantinib,29,285
1,Ibrutinib,16,336
2,Nintedanib,50,159
3,Asparaginase,23,187
2,Lenvatinib,50,40
5,Amsacrine,46,188
5,Docetaxel,33,180
1,Carboplatin,2,130
1,Cisplatin,42,384
3,Crisantaspase,46,131
4,Dacarbazine,8,24
3,Hydroxycarbamide,5,321
1,Irinotecan Hydrochloride,0,186
3,Mitotane,22,233
4,Pentostatin,12,191
1,Parachloropheylolanine,12,70
1,Procarbazine Hydrochloride,17,103
5,Paclitaxel,6,386
4,Razoxane,20,400
4,Tretinoin,23,57
4,Temozolomide,49,260
3,Alitretinoin,44,41
3,Azathioprine,3,68
4,Mycophenolate Mofetil,29,89
5,Mycophenolate Sod,23,107
1,Antilymphocyte Immunoglobulin,9,400
5,Basiliximab,21,360
3,Ciclosporin,17,225
3,Tacrolimus,27,29
3,Sirolimus,45,316
1,Daclizumab,10,199
2,Canakinumab,22,358
4,Antithymocyte Immunoglobulin,34,114
5,Belatacept,7,146
3,Other Cortico'oid&ImmunosuppressantPreps,5,297
3,Corynebacterium Parvum Vaccine,12,224
5,Alemtuzumab,32,207
2,Rituximab,36,131
5,Thalidomide (Immunomodulating),46,68
3,Histamine Dihydrocloride,39,171
1,Canakinumab,4,304
3,Fingolimod,1,337
3,Dabrafenib,30,252
2,Pomalidomide,31,72
2,Dimethyl Fumar,13,177
4,Teriflunomide,29,165
3,Siltuximab,11,322
4,Obinutuzumab,37,231
5,Pegintereron Beta,15,184
5,Aldesleukin,1,95
2,Ramucirumab,21,370
1,Olaparib,36,326
3,Nivolumab,47,213
1,Pembrolizumab,36,316
4,Trametinib,48,359
4,Cobimetinib,39,57
3,Peginterferon Alpha,27,348
1,Interferon Alpha,3,134
4,Interferon Beta,10,127
1,Glatiramer Acetate,2,335
5,Natalizumab,36,176
1,Bacillus Calmette-Guerin (B.C.G.),47,208
5,Lenalidomide,33,219
4,Interferon Gamma,22,333
5,Aldesleukin,18,249
2,Fosfestrol Tetrasodium,46,286
2,Polyestradiol Phos Phosphate,34,228
4,Diethylstilbestrol,7,336
3,Gestonorone Hexanoate,41,312
4,Medroxyprogesterone Acetate,15,12
1,Megestrol Acetate,50,273
2,Norethisterone Acetate,25,235
3,Drostanolone Propionate,27,156
3,Testolactone,22,114
5,Fulvestrant,3,40
1,Aminoglutethimide,12,151
5,Anastrozole,13,326
1,Exemestane,12,374
4,Formestane,18,165
